,band,beamDiamPix,rotTrue (degrees),rotEst (degrees),rotError (degrees),magTrue,magEst,magError (%)
0,1b,298.2585144042969,0,0.030994203827032524,-0.030994203827032524,1,1.0080578117138819,-0.8057811713881868
1,2c,298.475830078125,0,0.029779564834589316,-0.029779564834589316,1,1.0072928061590034,-0.7292806159003407
2,3c,297.4533996582031,0,0.05546479759893492,-0.05546479759893492,1,1.0099264899602944,-0.9926489960294438
3,4b,296.46844482421875,0,0.06421754045807865,-0.06421754045807865,1,1.0091358882677108,-0.9135888267710834
